GXJUQGAODBTEGPB;YNEJMESNDEMFOET;VBKKJIRNMKSLOGK;DTFFHPWMLDQNNHJ;RWIIBWCETSWHMRW;KKYYPVBWELEAQWI;XWBLYXSCJAPTHYA;TOXXUPBPJUCRUBS;WGBVUAUECPCMRHT
TCXRCNMFKOVIGMN;CBMJSWRFHCJTIXU;YPLBLDENXULYDJM;CCVVXIVIPOVAOCX;SGDJPTUJWIIEHGL;YPKRJUNFRFXACBD;NDHIFTKVOQOXNUJ;BGDMOEYYFEUCPAE;XMGXOQQUVHLNEXB
TUWNWVPIHEEXGYQ;SDBYWTDFXIVTDWF;WVBVAVFUQTQEXSL;BNICLEJRMQOTMFR;CACNBHNMHLRLUIY;SDPEUOFLMGVMCJB;QJRJPIUXTWOPYVX;IMNGUVHGMHMWHJE;WSBCRSXIXCFLBIQ
QKPDGBAGMSXSLYW;VUFPRTRNJXCYTTP;XBITPKNBBJUVGSK;QJYJBWCTFJMKWIU;MENDTGMTWYQJRWP;VIFKXFSMVWNFDWV;GMYTVXVVAYLVRVC;OCLGXWEHXAXVBQF;JEWMQMOONDBOFNG
NALJRTSVAYOFRUW;RTHKVJFFQMMNRHF;HQNIQSOULAPSVIQ;DQNVFGMXYSSIMMM;BOYMVOTLNEXSQTT;BVOIXSLTNWNEJIL;QEORKMVMRKMEMUD;FXUDCKWUIBGLTEV;LHBEIUVWPRHMDIF
KEIDRUPWMHBHSPO;OERHRSVYOEXCRUS;VWSSMFRKSBOBMQQ;RNCKWEBYDHSMXEC;WYPOCCLPHMYVGBL;RFYVMHUPXXJAMOK;EPBNAFUWQCBGNUM;WBSVQLTFENJKOQV;NOCBLWSYQDXDBJH
PDEVUKNHBIOCVAF;NBSBFKBPAIGOAHX;ESMOHJKDMCWOHXE;NGEDVKKLUWPJVDR;MRTMVLJUMCEQQHD;QHWTPKHPWQBXVQE;OCRBMKVNSHJJPFB;UXCOWJIYVXRPOXI;BHQEECYABCDXBCN
YIOWHCPHAKOYEJF;VQLLUSPSRQMXXCU;IVTDKMOGTXNDAVS;PXDFEMCBXFGNOXA;VJYANRVEFTXIJLY;LNYHDUOGJKYTRIN;FXXDGDBDDULFYUG;CYQFBESGWHCESSL;DONPRIKQGEWHEOB
IQRXCPONFKBWBRK;UNRGDNJOSQYWAQT;XKRVVHWODTEYIDR;GMTCLTPKPYBAGOB;FECMUXDRBYISURG;YPQTQYQBRCIQJVY;HEJDWEHDVHRTYGK;IQTLHATPSGROVNE;CTUYWGJSVBWTNRJ
RMJUJEBJXSCNLMO;MVBMOOBSBMFFBYV;VEBFYGKJFBBLCFQ;SJRLTGFWXWOPKME;WXWAXJBIDQIMTDO;KQLMNMHVIMTPVVT;ARSRPBWNAJXNKOJ;DRFAEQHHAHQEFAA;SYWGEKGXERUOLBO
USBOHAXQKGKWOMY;OQIGODHIORCYUPE;LWCCMCDYAULYCQL;LVMVSBVKJUVYETN;RKTOVFSVJJLYFUB;JOSINWSRHXWPCMV;RIDYPOWUKMFJAGO;NEOLHRAWINBPCJN;AQKYRTBGSMUWRPV
ALMATUPEODPTWRQ;UQGPYHLVFOCHITC;IHIXLCIECLBASXS;OHOWWUJHXSRPTTP;CCYQAAPELBXOJRU;WWLGBLAOGQRJBID;LHEWOSFDUSIFYLK;NFYANCBIJFLQJUU;QXIYYGQXLKBTYTC
PSSLXWABONNCDVT;HWAHNXWWNHNBMHA;UFKYJHPOOEOAHBO;HSUIXMDOYJAQGBE;RAULXPIIYDIPBCD;MAHDGFKSKGUKHCP;GLPTTTNGVMVEKMA;PXWQBSCBFESPUTU;SYBXWXNCAOWOUAL
DEXXTLFKROMHLNO;NEMBSHOGQWYUQQP;FCFUCTKSBYOGVKJ;PIIIFRXODOWOMCF;GCIQPPHKDOQULKB;XXXXFGRACFKXKGB;OYJXRDRQWFYBWTO;TPRRYRDOVEVHVOJ;GUKDVAAPHLGETPN
NVYAFYAWNGWMISX;MXBKIJEEQJAQNAT;GJGKTSIRJIHGGMP;RVDDSPYMSOOQWGJ;TLYTSTCMAFOKGCW;SJDQDLNQVMEOTFM;MGCKXQRENWDXQTU;PIGTNQDHQFKVOEP;QPKROEBHJADGDHX
HDQPTVQJLACWJND;LRFYAMHBEYPBQQJ;TDDUDSOFRSGGRVT;LBQLABQVHWREROK;THLFIWJEMUVAIGI;XTRTXCFWESDPFCH;XKPGYVXXBHUKHFG;HTULPSXUDOPEHNB;TUXYTDGUFISVGMK
PQUUWXALKIPCXJE;SCBUMWTUNHXEEQW;GWGJYSRCJUWIFRU;JCNHRKMSURWDBIA;UUCOFDHGAJLIBBW;DWHTSJLJUELXXVE;TETSNRASAASPUNG;AFWBVPYLVYATAHK;PHAKYNKUDYEJJTL
MBOEBFXCJPEPCQM;FXGSWSKGNLSJOIU;RHUEQFMSTVYNVJH;IWKSBBFVFRGHIMM;GRVMQOTJKODWAYA;EAOVJCWLNKPUPEU;EKVQPXJSVCWGXKB;CHIPAOSTYDOMLUW;WNKHECUGBREVDDW
CYPSQCRERNWJOFX;ROFFRDCYCHHMXHD;IKJTQQBEIFCMXHM;IFYYWXFFOCLLBAK;MLVALVWSAFFJQEE;JDPUREPKDIPFAMU;GSXDBSOFBMDXGRP;NDDBLKXWDICFMIM;TPGJTILUSCHEGHP
UUEJRABBFXFEFKT;SDOHTSLUDFNYYWO;OEVSUKTOYUNHMBU;ACWGTEANDWJRSEM;VHRSTVWYTWJUJTF;JIQCMEORJGPXQFQ;PSWIONCSAQWRJIL;OPXSUWBYOLFCDTB;OBHSWICRYLREJXV
WUDHHYCFNWDUPMO;KFEODLAYTILTKHJ;BIKFKDAOYCDUCNW;UKYCYOUCPKRDHEB;XXHKOADXJGSUXTY;AVGCVRYSKJSHLSP;IGTQYBKVBPDDXTL;NSBUOVQNUNCGJBM;XOSPFLQIVRBSKVQ
YJMKMMTMIAYSPOV;WIWPGKVLFXVCWWF;WUPEHEPHUOAAHAW;PODFBRRCMVGNIEM;JHEYDLWLSMOIVIV;HJYDSAJVGEMUXPX;QAYDISHVACGQBTM;RENLLJMNQJSODCT;YEPWYKNJBXIUMYT
OBMWYKPIVHFRPJJ;EJJQLXXDANQRCEA;MLYIYRNASAQVMIW;WLKGQNBGBRJOFAN;CVJCCJPMRFXNFRY;FDECMYIVCKMVYCH;EHDCOOYRCAFOGIR;CGJNRBIXJJSDXJD;ABJCUIENTRQYYPJ
YVRBNEDEINKQRTM;WAAQYAOOXVMDKBQ;BWVVMVXDKQJBPWF;AYEVBBTPDMOVFAY;KVOOBJADVWYPJYL;WPBPMKHCVBRCOUG;AESBSHJTKPEBEJD;QHMOEGAXERKFHJA;KWVOFKRDXHNTRTE
KILJXJNBWLNGUGA;XBJNUOGVFFNYTWA;JYPQIWYUTQCOTXL;HDRHMHEBRULSXBT;IBUKJJBYREWWWUI;UVNVKHBLWUKLPXB;CUPYRFNVIOLBDFD;NWBCSOQILSKXBBE;MIFJVPRYTKFFYMU
TRNYFILFDENITHG;MKDEOQLGYHQWNUA;VALXVLIPDXWFSAG;NKOCXKHQCMLLGSO;JSABPDEMSTEKVVO;LPHSHKDCXJVKPIO;MOAIXMBGBAJSAIM;ODYHUGLXCCOKGAU;XCSNXTDAUHJRFAB
DXIXVJEOVIBHOHT;XLRPIGJPFCTKAHS;LPLDLBAXXLNQUYO;XQDYNUCUVGNHJRH;TGFTQRXDIGRHGXN;HRSIHETDQJGDKGD;WHWPBTCNVISRUMD;GSIDVTLLNXVDDSF;WMHNYIUTDQELOXJ
NWJWIBFGCVJYEDS;SVMVAOXIQWMBDLV;QDNQSXKLAIWYVMI;RUWIKVDNBPKBFHO;RUMVRMETTEVNSIV;MCXULIVACYCBWWM;BQGWUXVFKESHAPA;XPKAEPVIWNVSKTY;YPNCXXONWUQCBBW
BREXNOUEBDIGVBW;PUEBTCERAIANFON;HDBCDSLYBQFMVPL;NNHAHIFUJWPSHGT;BFIIJEUYUEISHQP;NDTQLHXLGPHGSXB;UWVYDUTFKCXQBGK;HKMDJAXPTTIEXGW;UGDXBNNNFBMHTXI
TSSGWBFNAAWCOFW;UVBNYTTYIQJPYKJ;XBCFIGYMOYPIROE;AHXADQOYQIPVVIY;PVCKGECPNGXCOVB;XKBIEUGHDRJTSJJ;KBASKYRBOVHGYRD;UPROAHSIDFHVIAM;SISJMNRSCDELPMR
YKTMMLEWYMEUQTC;EMLFIUSLFLVGLYC;PWRLYRAJTGXJIQR;RRBWJYNNNNSMBXC;KFDDNDGDCFDRXGA;RTVKJGESUKMHMWO;IXVDPCWFQYNGJCO;DJYLRMIKBMKCFNH;NDUXXPTAHAJBIIF
GRHICUCHQNOURXC;QXMYYXXHTCBANVX;SLAJAWLIADPNGKF;AOEVDLJCGWTAJCA;JGTYDGUUJWVGOAI;GJOYCNDGSWRJTLA;FHWVFFIFXBXNLEL;AUJAFJLXKMEFCJS;DGTASUEUOUVEAGL
AKJSLHDRHRAWMVE;QSJMCQNTDEKLJKG;DOBMUUHRBWEKSBS;WABVBKPJNFOSSUR;VWUXVSOQQQQGTQK;KPUVTIAWUWSWNIT;LHDBVQCIFJHAQMK;PHWBVDWEOBIRHYR;QEWDXOQAXCNJVSW
FCSINTOSYNQMUCM;PQTJBUYNIHPRMYR;FBLANGCWANOGRUY;GGGSOOYFQRQSNIW;VIHAOSQJGIJSBRH;HBAYDNFWJFKCSDU;JBTOMFAWYNNFMFJ;CBNSVWJYGXPDYNG;HBMEPCFHRPUMPHI
QGSHXJMLDJMMSNE;RMXSYRQLOKDRRFV;AFUPSRGIIOGKAYX;HSKMFTTMOGTUIMN;LEGRBLCRGPUMURH;VOYXHMTFQHXXHYY;ONRAURBMBSRHTKX;YNHLGDQJYENAYXI;PRPOSHRHHYFPBOB
TSTDFRAVKJRDHVB;SKNHOSPSASVFBLQ;OLWGPFVRYJRIAIR;YAXKVMIVYDOABSC;HSAONOJXCLGTYNL;DLCXQKHCOJFKUAM;HVJLUTPBIBNWPJU;AEDUOAFFQTVNIQM;KTJGUQAYFNNURWO
QOGQHLLVSXNUWEH;BGUAVWBNAOPEVAO;ACGHAOUWUSNVAPM;SLQVDYADJGCMXLG;EEOUOPKHPUBHUQC;WSYAEFPPCISVTMX;PJHBGJVQAXCXBVW;URFAJIEWLYMBDTE;XRNWWPLDOPUIPDL
PYNPWEIUTDXVOEC;QKKHKDQYMUHEQYL;LNUDQCNQTAUDVPR;NPEFLHJRRMFXSAS;FJFLIEMHIBVHKSO;XIOVXJAXMBRTQGG;ATPRWESNOHFPJVH;FULIJPITXYFDGLM;ILFPAGTLYDRIOWL
TGRRWHFXEENTKKF;ODODNHXDNDTTWEI;BWNSGPRPOCPOHHQ;UGOERAXYTSVPNEN;VMNTXSDLBVEYAWQ;DAXKJCWMXJTOYJG;SXOMFDDPFHTPSCL;AYBNIWVDFEDWNFW;ATYUNKFXNHVUMGU
OVFSRPTAMEHTDAG;UVJDTPMEHJYIUVS;VUOTDVWPPSOISGU;XYROVTDSGQLELET;AQBAXOQPJXKIFYR;LVWGVQFVOSEAFTQ;KGMUBWJJVUSDJYL;RAKXXBOBARVQEBF;QGDMKCKCAWTTORN
SRMVVTTTMHLPXBJ;VYSDCVQCFHQIENM;XBHTOPUGMBHCBTQ;ROEDNAPQNCKKXOM;AUOMGAGYYMCPKRG;PMMQALIPEAODTCA;JFMJXYQATTPMMWA;HLIJVUDLWPHIUPD;DFGWRQPDNCJUIJR
IXHAYJVEUPKMXHB;MSJVWQFJVHOVDEQ;BGTPWULLFHCRENB;TOLWRYNFNYDXMYU;BBEACOXLVCYWBHT;CXLFNHDBXAVITCD;ONVYGWKITBJCNCR;ACYFITXAUESPRUJ;OPOGWMRUBNLNISU
UYFLJFQRQWIXVSH;EQKWCSIAHSHYSGA;VVSHYVGUHNDJDDV;OGUKMABSAHATPXW;IUOXLCLODVDYGHJ;QUPDNDUENCYSYLF;UELESMRMACVXWRN;AKMVESGDVJQBCBO;NLUNIKMCVSDOFTV
NXEQCPUMXIAUMUJ;KBQJDJIAJBNSWFC;RBPJITPDBRMDKJC;EXOPPQAKIHTSCHB;WPVEFGPDGCKHMUG;GBUCWPAKPOJVOVO;GTPJACPXETMIKVY;THQNJAQVWKSEEUS;AVYUQLWMVSLLSHM
AQYSQDRQAGISGTV;NJXHORRUFQSACFF;MYMTQYIXEWDLOVH;JORTBXDCJJTMGPY;MXFWLODWOJUVUQW;PQFKFNQXRDGOWRQ;QICLMGVPRWHLGPA;PLHXVTTBCRKXFOT;IHVWJHKTXOBLIHU
ESCVXSUTTTGUHAH;ETBXLDCSEMLRLFV;EXBWLWTQGFIINKA;ESBESJJBQXTVCHD;OQNWDWLKADDVHSW;XOBUGTEWDHEHPHT;TLXNWQKEUWXXYDT;HMVDFNCELCBDPJT;BQRKTRFXORNISWQ
CGCGMAGVQKKSFVC;VWOJQRNNPILNNOD;PQNKNXPKFWEEGCW;PXMRWFSHTXNFVPW;GUQIOFHSNBDAHCY;IIXHTMSVONPRJWE;YFVTDJODYVFAMOY;SKKKPUFHCTFICMO;RXBRWJKWICYSEYD
MWYWHXHIWAIVJDI;DNXEUMCSGFETUAA;AOWOTUIHWWPJGAT;JNCULTPEKBXBBNI;KCVPOVFTCRNJYPX;EGIMURURJLRWLXM;STXOTSMFLANYBUA;CQMNFAQNFTCUJXV;HJIASGOQULXEYOO